0,79726,Jaredoilin,Schaefer,"96492 Courtney Walks Suite 456 West Ricky, MT 76537"
1,56512,Daniel,Baker,"158 Richmond Mountain West Nicholas, NE 49265"
2,66066,Brenda,Murray,"296 Hernandez Radial Apt. 65 South Jamesview, LA 94102"
3,92677,Jeffery,Bryan,"51276 Braun Summit East Brenda, TX 12040"
4,49153,Sarah,Sanchez,"801 Anderson Rapid Apt. 380 West Crystalborough, MI 14154"
5,17099,James,Joyce,"94456 Rogers Lane Suite 484 Johnsonfort, NV 01566"
6,29275,Beth,Hayes,"97469 Zamora Keys Davidchester, RI 17556"
7,3044,Michael,Bennett,"29162 Mcguire Ramp Loganport, MS 10145"
8,67360,Vanessa,Guerrero,"6884 Salazar Motorway Port Alanchester, WV 09016"
9,29920,Alyssa,Brown,"06666 Sanford Summit South Taylorborough, VA 25111"
10,79998,Tiffany,Simpson,"PSC 4031, Box 4231 APO AE 81533"
11,9229,Crystal,Clark,"44776 Jefferson Lodge Janettown, IA 44160"
12,14,Anthony,Martinez,"USCGC Garcia FPO AA 18869"
13,13012,Scott,Harrison,"641 Kristopher Path Suite 588 Malonefurt, GA 22422"
14,23941,Erik,Parker,"65372 Patrick Inlet Port Jamesfort, NH 09612"
15,40891,Teresa,Cook,"USCGC Johnson FPO AA 71168"
16,15380,Christopher,Bailey,"39142 Tran Junctions Sarahfort, ME 75448"
17,24487,Dean,Adams,"067 Ryan Row Suite 717 New Brianna, MT 13427"
18,93150,Samantha,Armstrong,"09742 Sanchez Glen East David, AR 65467"
19,87777,Teresa,Wallace,"537 Mullins Burgs Seanton, CO 37914"
20,35616,Tara,Goodman,"2177 Susan Plains Apt. 68 Dayberg, NJ 08807"
21,26660,Andrew,Oliver,"0794 Darren Pass East Steven, TX 64786"
22,57471,Michael,Garza,"160 Garcia Turnpike Suite 936 Ashleyport, AR 52334"
23,18552,Jennifer,Schultz,"708 Susan Track Suite 217 West Johnville, AL 02888"
